{"cameraMode":{"drawMode":0,"name":"Shaded","section":"Shading Mode"},"sceneLighting":false,"audioPlay":false,"sceneViewState":{"showFog":true,"showMaterialUpdate":false,"showSkybox":false,"showFlares":true,"showImageEffects":true,"showParticleSystems":true,"showVisualEffectGraphs":true,"m_FxEnabled":true},"in2DMode":false,"pivot":{"x":23.692615509033204,"y":4.397187232971191,"z":1.006134033203125},"rotation":{"x":-0.4107639789581299,"y":0.008748713880777359,"z":-0.003945206291973591,"w":-0.9116958975791931},"size":5.7190728187561039,"orthographic":false}