{"cameraMode":{"drawMode":0,"name":"Shaded","section":"Shading Mode"},"sceneLighting":true,"audioPlay":false,"sceneViewState":{"showFog":true,"showMaterialUpdate":false,"showSkybox":true,"showFlares":true,"showImageEffects":true,"showParticleSystems":true,"showVisualEffectGraphs":true,"m_FxEnabled":true},"in2DMode":false,"pivot":{"x":10.504977226257325,"y":4.614904403686523,"z":0.24637186527252198},"rotation":{"x":-0.7066718339920044,"y":0.005726949777454138,"z":-0.005724582355469465,"w":-0.7075032591819763},"size":22.14530372619629,"orthographic":false}