{"cameraMode":{"drawMode":0,"name":"Shaded","section":"Shading Mode"},"sceneLighting":true,"audioPlay":false,"sceneViewState":{"showFog":true,"showMaterialUpdate":false,"showSkybox":true,"showFlares":true,"showImageEffects":true,"showParticleSystems":true,"showVisualEffectGraphs":true,"m_FxEnabled":true},"in2DMode":false,"pivot":{"x":3.868844509124756,"y":3.874004364013672,"z":-0.22705459594726563},"rotation":{"x":-0.3581313192844391,"y":-0.01484587974846363,"z":0.005697868298739195,"w":-0.9335474967956543},"size":25.521596908569337,"orthographic":false}