{"cameraMode":{"drawMode":0,"name":"Shaded","section":"Shading Mode"},"sceneLighting":true,"audioPlay":false,"sceneViewState":{"showFog":false,"showMaterialUpdate":false,"showSkybox":true,"showFlares":false,"showImageEffects":false,"showParticleSystems":false,"showVisualEffectGraphs":true,"m_FxEnabled":true},"in2DMode":false,"pivot":{"x":18.323326110839845,"y":-0.45989227294921877,"z":3.117459297180176},"rotation":{"x":0.039646171033382419,"y":0.7890670895576477,"z":-0.6108970046043396,"w":0.05120129883289337},"size":13.278507232666016,"orthographic":false}