{"cameraMode":{"drawMode":0,"name":"Shaded","section":"Shading Mode"},"sceneLighting":true,"audioPlay":false,"sceneViewState":{"showFog":false,"showMaterialUpdate":false,"showSkybox":true,"showFlares":false,"showImageEffects":false,"showParticleSystems":false,"showVisualEffectGraphs":true,"m_FxEnabled":true},"in2DMode":false,"pivot":{"x":16.100265502929689,"y":5.629878997802734,"z":5.9262285232543949},"rotation":{"x":-0.009306017309427262,"y":0.7738249897956848,"z":-0.6332337856292725,"w":-0.011376800015568734},"size":13.896149635314942,"orthographic":false}