{"cameraMode":{"drawMode":0,"name":"Shaded","section":"Shading Mode"},"sceneLighting":true,"audioPlay":false,"sceneViewState":{"showFog":true,"showMaterialUpdate":false,"showSkybox":true,"showFlares":true,"showImageEffects":true,"showParticleSystems":true,"showVisualEffectGraphs":true,"m_FxEnabled":true},"in2DMode":false,"pivot":{"x":11.550000190734864,"y":0.30000001192092898,"z":-2.700000047683716},"rotation":{"x":-0.7002826929092407,"y":0.004707185085862875,"z":-0.004622283391654491,"w":-0.7138410210609436},"size":23.54841423034668,"orthographic":false}