{"cameraMode":{"drawMode":0,"name":"Shaded","section":"Shading Mode"},"sceneLighting":true,"audioPlay":false,"sceneViewState":{"showFog":true,"showMaterialUpdate":false,"showSkybox":true,"showFlares":true,"showImageEffects":true,"showParticleSystems":true,"showVisualEffectGraphs":true,"m_FxEnabled":true},"in2DMode":false,"pivot":{"x":8.743319511413575,"y":-10.548927307128907,"z":-0.6253814697265625},"rotation":{"x":-0.003338232636451721,"y":0.8104756474494934,"z":-0.5857442617416382,"w":-0.004619249142706394},"size":30.054340362548829,"orthographic":false}